id,name,proposed name,2,1.8,1.6,1.4,1.2,1,0.75,0.5,0.25,xml,POG,PAG,comment
0,L1_SingleMuCosmics,,0,0,0,0,0,0,0,0,0,x,MU,BASE,Cosmics:
1,L1_SingleMuOpen,,63000,57000,51000,45000,38000,33000,25000,17000,8500,x,MU,BASE,Cosmics:
2,L1_SingleMuCosmics_BMTF,,0,0,0,0,0,0,0,0,0,x,MU,BASE,https://its.cern.ch/jira/browse/CMSLITDPG-113
3,L1_SingleMuCosmics_OMTF,,0,0,0,0,0,0,0,0,0,x,MU,BASE,https://its.cern.ch/jira/browse/CMSLITDPG-113
4,L1_SingleMuCosmics_EMTF,,0,0,0,0,0,0,0,0,0,x,MU,BASE,https://its.cern.ch/jira/browse/CMSLITDPG-113
5,L1_SingleMu0_BMTF,,0,0,0,0,0,0,0,0,0,x,MU,BASE,https://its.cern.ch/jira/browse/CMSLITDPG-113
6,L1_SingleMu0_OMTF,,0,0,0,0,0,0,0,0,0,x,MU,BASE,https://its.cern.ch/jira/browse/CMSLITDPG-113
7,L1_SingleMu0_EMTF,,0,0,0,0,0,0,0,0,0,x,MU,BASE,https://its.cern.ch/jira/browse/CMSLITDPG-113
8,L1_SingleMu3,,22000,20000,17000,15000,13000,11000,8300,5500,2800,x,MU,BASE,Cosmics:
9,L1_SingleMu5,,6600,6000,5300,4500,3900,3300,2500,1600,800,x,MU,BASE,Cosmics:
10,L1_SingleMu7,,2700,2400,2100,1800,1600,1300,970,640,320,x,MU,BASE,Cosmics:
11,L1_SingleMu10_LowQ,,1300,1100,980,820,700,580,430,280,140,x,MU,BASE,HLT: /cdaq/physics/Run2016/25ns15e33/v4.2.3/HLT/V2
12,L1_SingleMu11_LowQ,,0,0,0,0,0,0,0,0,0,x,MU,BASE,Muon HLT/POG: https://its.cern.ch/jira/browse/CMSLITDPG-67
13,L1_SingleMu12_LowQ_BMTF,,0,0,0,0,0,0,0,0,0,x,MU,BASE,https://its.cern.ch/jira/browse/CMSLITDPG-113
14,L1_SingleMu12_LowQ_OMTF,,0,0,0,0,0,0,0,0,0,x,MU,BASE,https://its.cern.ch/jira/browse/CMSLITDPG-113
15,L1_SingleMu12_LowQ_EMTF,,0,0,0,0,0,0,0,0,0,x,MU,BASE,https://its.cern.ch/jira/browse/CMSLITDPG-113
16,L1_SingleMu16,,0,0,0,0,0,1,1,1,1,x,MU,BASE,HLT: /cdaq/physics/Run2016/25ns15e33/v4.2.3/HLT/V2
17,L1_SingleMu18,,210,190,170,140,115,1,1,1,1,x,MU,BASE,HLT: /cdaq/physics/Run2016/25ns15e33/v4.2.3/HLT/V2
18,L1_SingleMu20,,0,0,0,1,1,1,1,1,1,x,MU,BASE,HLT: /cdaq/physics/Run2016/25ns15e33/v4.2.3/HLT/V2
19,L1_SingleMu22,,0,1,1,1,1,1,1,1,1,x,MU,BASE,slim:
20,L1_SingleMu22_BMTF,,0,0,0,0,0,0,0,0,0,x,MU,BASE,https://its.cern.ch/jira/browse/CMSLITDPG-113
21,L1_SingleMu22_OMTF,,0,0,0,0,0,0,0,0,0,x,MU,BASE,https://its.cern.ch/jira/browse/CMSLITDPG-113
22,L1_SingleMu22_EMTF,,0,0,0,0,0,0,0,0,0,x,MU,BASE,https://its.cern.ch/jira/browse/CMSLITDPG-113
23,L1_SingleMu25,,1,1,1,1,1,1,1,1,1,x,MU,BASE,slim:
24,L1_SingleMu30,,1,1,1,1,1,1,1,1,1,x,MU,BASE,HLT: /cdaq/physics/Run2016/25ns15e33/v4.2.3/HLT/V2
25,L1_SingleMu14er2p1,L1_SingleMu14er,0,0,0,0,0,0,1,1,1,x,MU,BASE,Cosmics:
26,L1_SingleMu16er2p1,L1_SingleMu16er,0,0,0,0,0,1,1,1,1,x,MU,BASE,Cosmics:
27,L1_SingleMu18er2p1,L1_SingleMu18er,0,0,0,1,1,1,1,1,1,x,MU,BASE,Cosmics:
28,L1_SingleMu20er2p1,L1_SingleMu20er,0,0,1,1,1,1,1,1,1,x,MU,BASE,slim: * missing in L1Menu_Collisions2017_dev.xml
29,L1_SingleMu22er2p1,L1_SingleMu22er,0,1,1,1,1,1,1,1,1,x,MU,BASE,slim:
30,L1_DoubleMu0,,0,0,0,0,0,0,0,0,0,x,MU,BASE,Cosmics/Circulating:
31,L1_DoubleMu_11_4,,0,0,0,1,1,1,1,1,1,x,MU,BASE,Cosmics:
32,L1_DoubleMu_12_5,,0,0,1,1,1,1,1,1,1,x,MU,BASE,slim:
33,L1_DoubleMu_12_8,,0,0,1,1,1,1,1,1,1,x,MU,BASE,
34,L1_DoubleMu_13_6,,0,0,1,1,1,1,1,1,1,x,MU,BASE,slim:
35,L1_DoubleMu_15_5,,0,0,1,1,1,1,1,1,1,x,MU,BASE,
36,L1_DoubleMu_15_7,,1,1,1,1,1,1,1,1,1,x,MU,BASE,Susy:
37,L1_DoubleMu18er2p1,,1,1,1,1,1,1,1,1,1,x,MU,BASE,https://its.cern.ch/jira/browse/CMSLITDPG-116
38,L1_DoubleMu22er2p1,,1,1,1,1,1,1,1,1,1,x,MU,BASE,https://its.cern.ch/jira/browse/CMSLITDPG-116
39,L1_TripleMu0,,0,0,0,0,0,0,1,1,1,x,MU,BASE,Circulating:
40,L1_TripleMu3,,0,0,0,1,1,1,1,1,1,x,MU,BASE,Susy:
41,L1_TripleMu_4_4_4,,1,1,1,1,1,1,1,1,1,x,MU,BASE,Susy:
42,L1_TripleMu_5_0_0,,0,0,0,0,1,1,1,1,1,x,MU,BASE,slim:
43,L1_TripleMu_5_3_3,,1,1,1,1,1,1,1,1,1,x,MU,BASE,Susy:
44,L1_TripleMu_5_5_3,,1,1,1,1,1,1,1,1,1,x,MU,BASE,slim:
45,L1_QuadMu0,,0,0,0,0,0,0,0,0,0,x,MU,BASE,Circulating:
50,L1_SingleEG5,,220000,190000,163000,140000,116000,98000,75000,50000,25000,x,EG,BASE,Cosmics:
51,L1_SingleEG10,,38000,32000,27000,23000,19000,16000,12000,7900,3900,x,EG,BASE,Cosmics:
52,L1_SingleEG15,,9000,7600,6400,5300,4400,3700,2700,1800,900,x,EG,BASE,HLT: /cdaq/physics/Run2016/25ns15e33/v4.2.3/HLT/V2
53,L1_SingleEG18,,0,0,0,0,0,0,0,0,0,x,EG,BASE,Cosmics:
54,L1_SingleEG24,,0,0,0,0,0,0,0,1,1,x,EG,BASE,Cosmics:
55,L1_SingleEG26,,780,660,540,440,365,305,1,1,1,x,EG,BASE,HLT: /cdaq/physics/Run2016/25ns15e33/v4.2.3/HLT/V2
56,L1_SingleEG28,,0,0,0,0,0,1,1,1,1,x,EG,BASE,AlCa: /cdaq/physics/Run2016/25ns15e33/v4.2.3/HLT/V2
57,L1_SingleEG30,,0,0,0,0,1,1,1,1,1,x,EG,BASE,HLT: /cdaq/physics/Run2016/25ns15e33/v4.2.3/HLT/V2
58,L1_SingleEG32,,0,0,0,0,1,1,1,1,1,x,EG,BASE,HLT: /cdaq/physics/Run2016/25ns15e33/v4.2.3/HLT/V2
59,L1_SingleEG34,,0,0,0,1,1,1,1,1,1,x,EG,BASE,HLT: /cdaq/physics/Run2016/25ns15e33/v4.2.3/HLT/V2
60,L1_SingleEG36,,0,0,1,1,1,1,1,1,1,x,EG,BASE,slim:
61,L1_SingleEG38,,0,1,1,1,1,1,1,1,1,x,EG,BASE,slim:
62,L1_SingleEG40,,0,1,1,1,1,1,1,1,1,x,EG,BASE,slim:
63,L1_SingleEG42,,1,1,1,1,1,1,1,1,1,x,EG,BASE,https://its.cern.ch/jira/browse/CMSLITDPG-144
64,L1_SingleEG45,,1,1,1,1,1,1,1,1,1,x,EG,BASE,AlCa: /cdaq/physics/Run2016/25ns15e33/v4.2.3/HLT/V2
65,L1_SingleEG50,,1,1,1,1,1,1,1,1,1,x,EG,BASE,https://its.cern.ch/jira/browse/CMSLITDPG-144
66,L1_SingleEG34er2p1,L1_SingleEG34er,0,0,0,1,1,1,1,1,1,x,EG,BASE,slim:
67,L1_SingleEG36er2p1,L1_SingleEG36er,0,0,1,1,1,1,1,1,1,x,EG,BASE,slim:
68,L1_SingleEG38er2p1,L1_SingleEG38er,0,1,1,1,1,1,1,1,1,x,EG,BASE,slim:
69,L1_SingleIsoEG18,,0,0,0,0,0,1,1,1,1,x,EG,BASE,Circulating
70,L1_SingleIsoEG20,,0,0,0,0,1,1,1,1,1,x,EG,BASE,AlCa: /cdaq/physics/Run2016/25ns15e33/v4.2.3/HLT/V2
71,L1_SingleIsoEG22,,0,0,0,0,1,1,1,1,1,x,EG,BASE,AlCa: /cdaq/physics/Run2016/25ns15e33/v4.2.3/HLT/V2
72,L1_SingleIsoEG24,,0,0,0,1,1,1,1,1,1,x,EG,BASE,https://its.cern.ch/jira/browse/CMSLITDPG-89  for L1_IsoEG24er2p1_HTT100
73,L1_SingleIsoEG26,,0,0,0,1,1,1,1,1,1,x,EG,BASE,HLT: /cdaq/physics/Run2016/25ns15e33/v4.2.3/HLT/V2
74,L1_SingleIsoEG28,,0,0,1,1,1,1,1,1,1,x,EG,BASE,HLT: /cdaq/physics/Run2016/25ns15e33/v4.2.3/HLT/V2
75,L1_SingleIsoEG30,,0,0,1,1,1,1,1,1,1,x,EG,BASE,HLT: /cdaq/physics/Run2016/25ns15e33/v4.2.3/HLT/V2
76,L1_SingleIsoEG32,,1,1,1,1,1,1,1,1,1,x,EG,BASE,HLT: /cdaq/physics/Run2016/25ns15e33/v4.2.3/HLT/V2
77,L1_SingleIsoEG34,,1,1,1,1,1,1,1,1,1,x,EG,BASE,slim: additional
78,L1_SingleIsoEG35,,1,1,1,1,1,1,1,1,1,x,EG,BASE,https://its.cern.ch/jira/browse/CMSLITDPG-144
79,L1_SingleIsoEG36,,1,1,1,1,1,1,1,1,1,x,EG,BASE,slim: additional
80,L1_SingleIsoEG37,,1,1,1,1,1,1,1,1,1,x,EG,BASE,https://its.cern.ch/jira/browse/CMSLITDPG-144
81,L1_SingleIsoEG38,,1,1,1,1,1,1,1,1,1,x,EG,BASE,slim: additional
82,L1_SingleIsoEG40,,1,1,1,1,1,1,1,1,1,x,EG,BASE,https://its.cern.ch/jira/browse/CMSLITDPG-144
83,L1_SingleIsoEG18er2p1,L1_SingleIsoEG18er,0,0,0,0,0,1,1,1,1,x,EG,BASE,Circulating
84,L1_SingleIsoEG20er2p1,L1_SingleIsoEG20er,0,0,0,0,1,1,1,1,1,x,EG,BASE,HLT: /cdaq/physics/Run2016/25ns15e33/v4.2.3/HLT/V2
85,L1_SingleIsoEG22er2p1,L1_SingleIsoEG22er,0,0,0,1,1,1,1,1,1,x,EG,BASE,HLT: /cdaq/physics/Run2016/25ns15e33/v4.2.3/HLT/V2
86,L1_SingleIsoEG24er2p1,L1_SingleIsoEG24er,0,0,0,1,1,1,1,1,1,x,EG,BASE,"Top: https://its.cern.ch/jira/browse/CMSLITDPG-89, sync: L1_IsoEG24er2p1_HTT100 rate = 50 Hz"
87,L1_SingleIsoEG26er2p1,L1_SingleIsoEG26er,0,190,1,1,1,1,1,1,1,x,EG,BASE,Top: https://its.cern.ch/jira/browse/CMSLITDPG-89  rate = 50 Hz
88,L1_SingleIsoEG28er2p1,L1_SingleIsoEG28er,190,160,1,1,1,1,1,1,1,x,EG,BASE,Top: https://its.cern.ch/jira/browse/CMSLITDPG-89 rate = 50 Hz
89,L1_SingleIsoEG30er2p1,L1_SingleIsoEG30er,1,1,1,1,1,1,1,1,1,x,EG,BASE,Top: https://its.cern.ch/jira/browse/CMSLITDPG-89 rate = 50 Hz
90,L1_SingleIsoEG32er2p1,L1_SingleIsoEG32er,1,1,1,1,1,1,1,1,1,x,EG,BASE,slim:
91,L1_SingleIsoEG33er2p1,,1,1,1,1,1,1,1,1,1,x,EG,BASE,https://its.cern.ch/jira/browse/CMSLITDPG-144
92,L1_SingleIsoEG34er2p1,L1_SingleIsoEG34er,1,1,1,1,1,1,1,1,1,x,EG,BASE,slim:
93,L1_SingleIsoEG35er2p1,,1,1,1,1,1,1,1,1,1,x,EG,BASE,https://its.cern.ch/jira/browse/CMSLITDPG-144
94,L1_SingleIsoEG36er2p1,L1_SingleIsoEG36er,1,1,1,1,1,1,1,1,1,x,EG,BASE,slim:
95,L1_SingleIsoEG38er2p1,,1,1,1,1,1,1,1,1,1,x,EG,BASE,https://its.cern.ch/jira/browse/CMSLITDPG-144
96,L1_SingleIsoEG40er2p1,,1,1,1,1,1,1,1,1,1,x,EG,BASE,https://its.cern.ch/jira/browse/CMSLITDPG-144
97,L1_IsoEG33_Mt40,,1,1,1,1,1,1,1,1,1,x,EG,BASE,https://its.cern.ch/jira/browse/CMSLITDPG-59
98,L1_IsoEG33_Mt44,,1,1,1,1,1,1,1,1,1,x,EG,BASE,https://its.cern.ch/jira/browse/CMSLITDPG-59
99,L1_IsoEG33_Mt48,,1,1,1,1,1,1,1,1,1,x,EG,BASE,https://its.cern.ch/jira/browse/CMSLITDPG-59
100,L1_DoubleEG_15_10,,0,0,0,0,0,0,0,0,0,x,EG,BASE,HLT: /cdaq/physics/Run2016/25ns15e33/v4.2.3/HLT/V2
101,L1_DoubleEG_18_17,,0,0,0,1,1,1,1,1,1,x,EG,BASE,HLT: /cdaq/physics/Run2016/25ns15e33/v4.2.3/HLT/V2
102,L1_DoubleEG_20_18,,0,0,0,1,1,1,1,1,1,x,EG,BASE,HLT: /cdaq/physics/Run2016/25ns15e33/v4.2.3/HLT/V2
103,L1_DoubleEG_22_10,,0,0,0,1,1,1,1,1,1,x,EG,BASE,HLT: /cdaq/physics/Run2016/25ns15e33/v4.2.3/HLT/V2
104,L1_DoubleEG_22_12,,0,0,0,1,1,1,1,1,1,x,EG,BASE,HLT: /cdaq/physics/Run2016/25ns15e33/v4.2.3/HLT/V2
105,L1_DoubleEG_22_15,,0,0,1,1,1,1,1,1,1,x,EG,BASE,HLT: /cdaq/physics/Run2016/25ns15e33/v4.2.3/HLT/V2
106,L1_DoubleEG_23_10,,0,0,0,1,1,1,1,1,1,x,EG,BASE,HLT: /cdaq/physics/Run2016/25ns15e33/v4.2.3/HLT/V2
107,L1_DoubleEG_24_17,,0,1,1,1,1,1,1,1,1,x,EG,BASE,HLT: /cdaq/physics/Run2016/25ns15e33/v4.2.3/HLT/V2
108,L1_DoubleEG_25_12,,0,1,1,1,1,1,1,1,1,x,EG,BASE,slim:
109,L1_DoubleEG_25_13,,0,1,1,1,1,1,1,1,1,x,EG,BASE,slim:
110,L1_DoubleEG_25_14,,1,1,1,1,1,1,1,1,1,x,EG,BASE,slim:
111,L1_DoubleLooseIsoEG22er2p1,L1_DoubleIsoEG22er2p1,1,1,1,1,1,1,1,1,1,x,EG,BASE,https://its.cern.ch/jira/browse/CMSLITDPG-116
112,L1_DoubleLooseIsoEG24er2p1,L1_DoubleIsoEG24er2p1,1,1,1,1,1,1,1,1,1,x,EG,BASE,https://its.cern.ch/jira/browse/CMSLITDPG-150
113,L1_TripleEG_14_10_8,,0,0,0,0,1,1,1,1,1,x,EG,BASE,HLT: /cdaq/physics/Run2016/25ns15e33/v4.2.3/HLT/V2
114,L1_TripleEG_18_17_8,,1,1,1,1,1,1,1,1,1,x,EG,BASE,HLT: /cdaq/physics/Run2016/25ns15e33/v4.2.3/HLT/V2
115,L1_SingleTau20,,0,0,0,0,0,0,0,0,0,x,TAU,BASE,https://its.cern.ch/jira/browse/CMSLITDPG-85
116,L1_SingleTau80er2p1,L1_SingleTau80er,0,0,0,1,1,1,1,1,1,x,TAU,BASE,HLT: /cdaq/physics/Run2016/25ns15e33/v4.2.3/HLT/V2
117,L1_SingleTau100er2p1,L1_SingleTau100er,0,0,0,1,1,1,1,1,1,x,TAU,BASE,HLT: /cdaq/physics/Run2016/25ns15e33/v4.2.3/HLT/V2
118,L1_SingleTau120er2p1,L1_SingleTau120er,1,1,1,1,1,1,1,1,1,x,TAU,BASE,HLT: /cdaq/physics/Run2016/25ns15e33/v4.2.3/HLT/V2
119,L1_SingleTau130er2p1,,1,1,1,1,1,1,1,1,1,x,TAU,BASE,https://its.cern.ch/jira/browse/CMSLITDPG-150
120,L1_SingleTau140er2p1,,1,1,1,1,1,1,1,1,1,x,TAU,BASE,https://its.cern.ch/jira/browse/CMSLITDPG-150
121,L1_DoubleTau50er2p1,L1_DoubleTau50er,0,0,0,1,1,1,1,1,1,x,TAU,BASE,"https://its.cern.ch/jira/browse/CMSLITDPG-103 , sync:L1_Mu22er_Tau50er"
122,L1_DoubleTau70er2p1,L1_DoubleTau70er,1,1,1,1,1,1,1,1,1,x,TAU,BASE,"https://its.cern.ch/jira/browse/CMSLITDPG-103 , sync:L1_Mu22er_Tau70er"
123,L1_DoubleIsoTau28er2p1,L1_DoubleIsoTau28er,0,0,0,0,1,1,1,1,1,x,TAU,BASE,"https://its.cern.ch/jira/browse/CMSLITDPG-103 , sync:L1_Mu22er_IsoTau28er"
124,L1_DoubleIsoTau30er2p1,L1_DoubleIsoTau30er,0,0,0,1,1,1,1,1,1,x,TAU,BASE,"https://its.cern.ch/jira/browse/CMSLITDPG-103 , sync:L1_Mu22er_IsoTau30er"
125,L1_DoubleIsoTau32er2p1,L1_DoubleIsoTau32er,0,1,1,1,1,1,1,1,1,x,TAU,BASE,"https://its.cern.ch/jira/browse/CMSLITDPG-103 , sync:L1_Mu22er_IsoTau32er"
126,L1_DoubleIsoTau33er2p1,L1_DoubleIsoTau33er,0,1,1,1,1,1,1,1,1,x,TAU,BASE,"https://its.cern.ch/jira/browse/CMSLITDPG-103 , sync:L1_Mu22er_IsoTau33er"
127,L1_DoubleIsoTau34er2p1,L1_DoubleIsoTau34er,1,1,1,1,1,1,1,1,1,x,TAU,BASE,"https://its.cern.ch/jira/browse/CMSLITDPG-103 , sync:L1_Mu22er_IsoTau34er"
128,L1_DoubleIsoTau35er2p1,L1_DoubleIsoTau35er,1,1,1,1,1,1,1,1,1,x,TAU,BASE,"https://its.cern.ch/jira/browse/CMSLITDPG-103 , sync:L1_Mu22er_IsoTau35er"
129,L1_DoubleIsoTau36er2p1,L1_DoubleIsoTau36er,1,1,1,1,1,1,1,1,1,x,TAU,BASE,"https://its.cern.ch/jira/browse/CMSLITDPG-103 , sync:L1_Mu22er_IsoTau36er"
130,L1_DoubleIsoTau38er2p1,L1_DoubleIsoTau38er,1,1,1,1,1,1,1,1,1,x,TAU,BASE,"https://its.cern.ch/jira/browse/CMSLITDPG-103 , sync:L1_Mu22er_IsoTau38er"
131,L1_SingleJet16,,0,0,0,0,0,0,0,0,0,x,JET,BASE,Circulating
132,L1_SingleJet20,,0,0,0,0,0,0,0,0,0,x,JET,BASE,HLT: /cdaq/physics/Run2016/25ns15e33/v4.2.3/HLT/V2
133,L1_SingleJet35,,159000,123000,89000,62000,45000,33000,21000,12000,6000,x,JET,BASE,JetMET POG: https://its.cern.ch/jira/browse/CMSLITDPG-46
134,L1_SingleJet60,,13400,10400,7700,5500,4200,3200,2300,1300,650,x,JET,BASE,JetMET POG: https://its.cern.ch/jira/browse/CMSLITDPG-46
135,L1_SingleJet90,,1500,1200,990,770,620,500,360,230,110,x,JET,BASE,JetMET POG: https://its.cern.ch/jira/browse/CMSLITDPG-46
136,L1_SingleJet120,,350,300,245,200,160,130,1,1,1,x,JET,BASE,JetMET POG: https://its.cern.ch/jira/browse/CMSLITDPG-46
137,L1_SingleJet140,,0,0,0,1,1,1,1,1,1,x,JET,BASE,HLT: /cdaq/physics/Run2016/25ns15e33/v4.2.3/HLT/V2
138,L1_SingleJet150,,0,0,1,1,1,1,1,1,1,x,JET,BASE,HLT: /cdaq/physics/Run2016/25ns15e33/v4.2.3/HLT/V2
139,L1_SingleJet160,,0,0,1,1,1,1,1,1,1,x,JET,BASE,HLT: /cdaq/physics/Run2016/25ns15e33/v4.2.3/HLT/V2
140,L1_SingleJet170,,0,1,1,1,1,1,1,1,1,x,JET,BASE,JetMET POG: https://its.cern.ch/jira/browse/CMSLITDPG-46
141,L1_SingleJet180,,1,1,1,1,1,1,1,1,1,x,JET,BASE,JetMET POG: https://its.cern.ch/jira/browse/CMSLITDPG-46
142,L1_SingleJet200,,1,1,1,1,1,1,1,1,1,x,JET,BASE,JetMET POG: https://its.cern.ch/jira/browse/CMSLITDPG-46
143,L1_SingleJet35_FWD,,103000,62000,32000,15000,7400,4100,2100,1150,580,x,JET,BASE,SMP/BTV/JME: https://its.cern.ch/jira/browse/CMSLITDPG-99
144,L1_SingleJet60_FWD,,5100,3100,1700,870,535,370,230,135,70,x,JET,BASE,SMP/BTV/JME: https://its.cern.ch/jira/browse/CMSLITDPG-99
145,L1_SingleJet90_FWD,,250,180,125,85,60,45,30,1,1,x,JET,BASE,SMP/BTV/JME: https://its.cern.ch/jira/browse/CMSLITDPG-99
146,L1_SingleJet120_FWD,,38,30,20,15,10,8,5,1,1,x,JET,BASE,SMP/BTV/JME: https://its.cern.ch/jira/browse/CMSLITDPG-99
147,L1_SingleJet35_HFp,,0,0,0,0,0,0,0,0,0,x,JET,BASE,https://its.cern.ch/jira/browse/CMSLITDPG-128
148,L1_SingleJet35_HFm,,0,0,0,0,0,0,0,0,0,x,JET,BASE,https://its.cern.ch/jira/browse/CMSLITDPG-128
149,L1_SingleJet60_HFp,,0,0,0,0,0,0,0,0,0,x,JET,BASE,https://its.cern.ch/jira/browse/CMSLITDPG-128
150,L1_SingleJet60_HFm,,0,0,0,0,0,0,0,0,0,x,JET,BASE,https://its.cern.ch/jira/browse/CMSLITDPG-128
151,L1_DoubleJet40er3p0,L1_DoubleJetC40,34000,21000,12000,5800,3600,2500,1600,970,490,x,JET,BASE,HLT: /cdaq/physics/Run2016/25ns15e33/v4.2.3/HLT/V2
152,L1_DoubleJet50er3p0,L1_DoubleJetC50,0,0,0,0,0,0,0,0,0,x,JET,BASE,slim:
153,L1_DoubleJet60er3p0,L1_DoubleJetC60,0,0,0,0,0,0,0,0,0,x,JET,BASE,HLT: /cdaq/physics/Run2016/25ns15e33/v4.2.3/HLT/V2
154,L1_DoubleJet80er3p0,L1_DoubleJetC80,0,0,0,0,0,0,1,1,1,x,JET,BASE,HLT: /cdaq/physics/Run2016/25ns15e33/v4.2.3/HLT/V2
155,L1_DoubleJet100er3p0,L1_DoubleJetC100,170,150,1,1,1,1,1,1,1,x,JET,BASE,HLT: /cdaq/physics/Run2016/25ns15e33/v4.2.3/HLT/V2
156,L1_DoubleJet112er3p0,L1_DoubleJetC112,100,90,1,1,1,1,1,1,1,x,JET,BASE,slim:
157,L1_DoubleJet120er3p0,L1_DoubleJetC120,1,1,1,1,1,1,1,1,1,x,JET,BASE,HLT: /cdaq/physics/Run2016/25ns15e33/v4.2.3/HLT/V2
158,L1_TripleJet_84_68_48_VBF,,0,0,0,0,0,0,0,0,0,x,JET,BASE,Circulating
159,L1_TripleJet_88_72_56_VBF,,0,0,0,0,0,0,0,0,0,x,JET,BASE,HLT: /cdaq/physics/Run2016/25ns15e33/v4.2.3/HLT/V2
160,L1_TripleJet_92_76_64_VBF,,0,0,0,0,0,0,0,0,0,x,JET,BASE,Circulating
161,L1_QuadJet40er3p0,L1_QuadJetC40,0,0,0,0,0,1,1,1,1,x,JET,BASE,Circulating
162,L1_QuadJet50er3p0,L1_QuadJetC50,0,0,0,1,1,1,1,1,1,x,JET,BASE,slim:
163,L1_QuadJet60er3p0,L1_QuadJetC60,1,1,1,1,1,1,1,1,1,x,JET,BASE,HLT: /cdaq/physics/Run2016/25ns15e33/v4.2.3/HLT/V2
165,L1_HTT120er,L1_HTT120,11400,7600,4700,2800,1900,1400,860,510,250,x,SSUM,BASE,"https://its.cern.ch/jira/browse/CMSLITDPG-140  target rate [50, 100] Hz"
166,L1_HTT160er,L1_HTT160,4100,2700,1700,1050,730,530,350,210,100,x,SSUM,BASE,"https://its.cern.ch/jira/browse/CMSLITDPG-140  target rate [50, 100] Hz"
167,L1_HTT200er,L1_HTT200,1600,1100,690,440,310,230,1,1,1,x,SSUM,BASE,"https://its.cern.ch/jira/browse/CMSLITDPG-140  target rate [50, 100] Hz"
168,L1_HTT220er,L1_HTT220,0,0,0,0,0,0,1,1,1,x,SSUM,BASE,Cosmics:
169,L1_HTT240er,L1_HTT240,0,0,0,0,0,1,1,1,1,x,SSUM,BASE,Cosmics:
170,L1_HTT255er,L1_HTT255,500,350,240,160,120,90,1,1,1,x,SSUM,BASE,"https://its.cern.ch/jira/browse/CMSLITDPG-140  target rate [50, 100] Hz"
171,L1_HTT270er,L1_HTT270,0,0,0,1,1,1,1,1,1,x,SSUM,BASE,Cosmics:
172,L1_HTT280er,L1_HTT280,0,0,1,1,1,1,1,1,1,x,SSUM,BASE,Cosmics:
173,L1_HTT300er,L1_HTT300,0,1,1,1,1,1,1,1,1,x,SSUM,BASE,"slim: * eta-restricted is the default for 2017, etaMax = 26 (jet eta .lt. 2.5)"
174,L1_HTT320er,L1_HTT320,1,1,1,1,1,1,1,1,1,x,SSUM,BASE,Cosmics:
175,L1_HTT340er,L1_HTT340,1,1,1,1,1,1,1,1,1,x,SSUM,BASE,slim:
176,L1_HTT380er,L1_HTT380,1,1,1,1,1,1,1,1,1,x,SSUM,BASE,slim:
177,L1_HTT400er,L1_HTT400,1,1,1,1,1,1,1,1,1,x,SSUM,BASE,Susy:
178,L1_HTT450er,L1_HTT450,1,1,1,1,1,1,1,1,1,x,SSUM,BASE,Susy:
179,L1_HTT500er,L1_HTT500,1,1,1,1,1,1,1,1,1,x,SSUM,BASE,Susy:
180,L1_ETM30,,0,0,0,0,0,0,0,0,0,x,VSUM,BASE,Circulating
181,L1_ETM40,,0,0,0,0,0,0,0,0,0,x,VSUM,BASE,Circulating
182,L1_ETM50,,0,0,0,0,0,0,0,0,0,x,VSUM,BASE,HLT: /cdaq/physics/Run2016/25ns15e33/v4.2.3/HLT/V2
183,L1_ETM60,,0,0,0,0,0,0,0,0,0,x,VSUM,BASE,HLT: /cdaq/physics/Run2016/25ns15e33/v4.2.3/HLT/V2
184,L1_ETM70,,0,0,0,0,0,0,0,1,1,x,VSUM,BASE,HLT: /cdaq/physics/Run2016/25ns15e33/v4.2.3/HLT/V2
185,L1_ETM75,,0,0,0,0,0,0,1,1,1,x,VSUM,BASE,HLT: /cdaq/physics/Run2016/25ns15e33/v4.2.3/HLT/V2
186,L1_ETM80,,0,0,0,0,0,1,1,1,1,x,VSUM,BASE,HLT: /cdaq/physics/Run2016/25ns15e33/v4.2.3/HLT/V2
187,L1_ETM85,,0,0,0,0,0,1,1,1,1,x,VSUM,BASE,HLT: /cdaq/physics/Run2016/25ns15e33/v4.2.3/HLT/V2
188,L1_ETM90,,0,0,0,0,1,1,1,1,1,x,VSUM,BASE,HLT: /cdaq/physics/Run2016/25ns15e33/v4.2.3/HLT/V2
189,L1_ETM95,,0,0,0,1,1,1,1,1,1,x,VSUM,BASE,HLT: /cdaq/physics/Run2016/25ns15e33/v4.2.3/HLT/V2
190,L1_ETM100,,0,0,1,1,1,1,1,1,1,x,VSUM,BASE,slim: * calibrated/pile-up-subtracted
191,L1_ETM105,,0,1,1,1,1,1,1,1,1,x,VSUM,BASE,HLT: /cdaq/physics/Run2016/25ns15e33/v4.2.3/HLT/V2
192,L1_ETM110,,1,1,1,1,1,1,1,1,1,x,VSUM,BASE,slim:
193,L1_ETM115,,1,1,1,1,1,1,1,1,1,x,VSUM,BASE,HLT: /cdaq/physics/Run2016/25ns15e33/v4.2.3/HLT/V2
194,L1_ETM120,,1,1,1,1,1,1,1,1,1,x,VSUM,BASE,slim:
195,L1_ETM150,,1,1,1,1,1,1,1,1,1,x,VSUM,BASE,Susy:
196,L1_ETMHF70,,0,0,0,0,0,0,0,1,1,x,VSUM,BASE,Susy:
197,L1_ETMHF80,,0,0,0,0,0,0,1,1,1,x,VSUM,BASE,Susy:
198,L1_ETMHF90,,0,0,0,0,1,1,1,1,1,x,VSUM,BASE,Susy:
199,L1_ETMHF100,,0,0,0,1,1,1,1,1,1,x,VSUM,BASE,Susy:
200,L1_ETMHF110,,0,1,1,1,1,1,1,1,1,x,VSUM,BASE,Susy:
201,L1_ETMHF120,,1,1,1,1,1,1,1,1,1,x,VSUM,BASE,Susy:
202,L1_ETMHF150,,1,1,1,1,1,1,1,1,1,x,VSUM,BASE,Susy:
210,L1_SingleMuOpen_NotBptxOR,,35,35,35,35,35,35,35,35,35,x,PHY,EXO,"EXO: https://its.cern.ch/jira/browse/CMSLITDPG-66 , PS>=20, rate=300Hz"
211,L1_SingleMuOpen_NotBptxOR_3BX,,1,1,1,1,1,1,1,1,1,x,PHY,EXO,"EXO: https://its.cern.ch/jira/browse/CMSLITDPG-66 , PS=1"
212,L1_SingleJet20er3p0_NotBptxOR,L1_SingleJetC20_NotBptxOR,1000,1000,1000,1000,1000,1000,1000,1000,1000,x,PHY,EXO,"EXO: https://its.cern.ch/jira/browse/CMSLITDPG-66 ,PS>=400, rate=300Hz"
213,L1_SingleJet20er3p0_NotBptxOR_3BX,L1_SingleJetC20_NotBptxOR_3BX,0,0,0,0,0,0,0,0,0,x,PHY,EXO,"EXO: https://its.cern.ch/jira/browse/CMSLITDPG-66, PS=0"
214,L1_SingleJet43er3p0_NotBptxOR_3BX,L1_SingleJetC43_NotBptxOR_3BX,1,1,1,1,1,1,1,1,1,x,PHY,EXO,"EXO: https://its.cern.ch/jira/browse/CMSLITDPG-66 , PS=1"
215,L1_SingleJet46er3p0_NotBptxOR_3BX,L1_SingleJetC46_NotBptxOR_3BX,1,1,1,1,1,1,1,1,1,x,PHY,EXO,"EXO: https://its.cern.ch/jira/browse/CMSLITDPG-66 , PS=1"
220,L1_LooseIsoEG24er2p1_Jet26er3p0_dR_Min0p3,"L1_IsoEG24er_JetC26_dR_Min0p3, L1_IsoEG24er2p1_Jet26er3p0_dR_Min0p3",0,0,0,1,1,1,1,1,1,x,PHY,TOP,Top: https://its.cern.ch/jira/browse/CMSLITDPG-84
221,L1_LooseIsoEG26er2p1_Jet34er3p0_dR_Min0p3,"L1_IsoEG26er_JetC34_dR_Min0p3, L1_IsoEG26er2p1_Jet34er3p0_dR_Min0p3",0,0,1,1,1,1,1,1,1,x,PHY,TOP,Top: https://its.cern.ch/jira/browse/CMSLITDPG-84
222,L1_LooseIsoEG28er2p1_Jet34er3p0_dR_Min0p3,"L1_IsoEG28er_JetC34_dR_Min0p3, L1_IsoEG28er2p1_Jet34er3p0_dR_Min0p3",0,1,1,1,1,1,1,1,1,x,PHY,TOP,Top: https://its.cern.ch/jira/browse/CMSLITDPG-84
223,L1_LooseIsoEG30er2p1_Jet34er3p0_dR_Min0p3,"L1_IsoEG30er_JetC34_dR_Min0p3, L1_IsoEG30er2p1_Jet34er3p0_dR_Min0p3",1,1,1,1,1,1,1,1,1,x,PHY,TOP,Top: https://its.cern.ch/jira/browse/CMSLITDPG-84
224,L1_LooseIsoEG24er2p1_HTT100er,"L1_IsoEG24er_HTT100er, L1_IsoEG24er2p1_HTT100er",0,0,1,1,1,1,1,1,1,x,PHY,TOP,Top: https://its.cern.ch/jira/browse/CMSLITDPG-84
225,L1_LooseIsoEG26er2p1_HTT100er,"L1_IsoEG26er_HTT100er, L1_IsoEG26er2p1_HTT100er",0,1,1,1,1,1,1,1,1,x,PHY,TOP,Top: https://its.cern.ch/jira/browse/CMSLITDPG-84
226,L1_LooseIsoEG28er2p1_HTT100er,"L1_IsoEG28er2p1_HTT100, L1_IsoEG28er2p1_HTT100er",1,1,1,1,1,1,1,1,1,x,PHY,TOP,Top: https://its.cern.ch/jira/browse/CMSLITDPG-84
227,L1_LooseIsoEG24er2p1_TripleJet_26er3p0_26_26er3p0,"L1_IsoEG24er_TripleJet_C26_26_C26, L1_IsoEG24er2p1_TripleJet_26er3p0_26_26er3p0",0,0,1,1,1,1,1,1,1,x,PHY,TOP,Top: https://indico.cern.ch/event/624718/contributions/2522421/attachments/1430539/2197252/new_seeds_top_20March.pdf
228,L1_Mu18_HTT100er,L1_Mu18_HTT100,0,0,1,1,1,1,1,1,1,x,PHY,TOP,Top: https://its.cern.ch/jira/browse/CMSLITDPG-84
229,L1_Mu18_Jet24er3p0,L1_Mu18_JetC24,0,0,0,1,1,1,1,1,1,x,PHY,TOP,Top: additional
230,L1_Mu20_EG17,,1,1,1,1,1,1,1,1,1,x,PHY,TOP,Top - emu: https://its.cern.ch/jira/browse/CMSLITDPG-76
231,L1_Mu23_EG10,,1,1,1,1,1,1,1,1,1,x,PHY,TOP,Top - emu: https://its.cern.ch/jira/browse/CMSLITDPG-76
232,L1_Mu23_LooseIsoEG10,L1_Mu23_IsoEG10,1,1,1,1,1,1,1,1,1,x,PHY,TOP,Top - emu: https://its.cern.ch/jira/browse/CMSLITDPG-76
233,L1_Mu5_EG23,,0,0,1,1,1,1,1,1,1,x,PHY,TOP,Top - emu: https://indico.cern.ch/event/626583/contributions/2530434/attachments/1434408/2205039/TOP_PAG_proposal_for_EGMu_seeds.pdf
234,L1_Mu5_LooseIsoEG20,L1_Mu5_IsoEG20,0,1,1,1,1,1,1,1,1,x,PHY,TOP,Top - emu: https://indico.cern.ch/event/626583/contributions/2530434/attachments/1434408/2205039/TOP_PAG_proposal_for_EGMu_seeds.pdf
235,L1_Mu7_EG23,,1,1,1,1,1,1,1,1,1,x,PHY,TOP,Top - emu: https://its.cern.ch/jira/browse/CMSLITDPG-76
236,L1_Mu7_LooseIsoEG20,L1_Mu7_IsoEG20,1,1,1,1,1,1,1,1,1,x,PHY,TOP,Top - emu: https://its.cern.ch/jira/browse/CMSLITDPG-76
237,L1_Mu7_LooseIsoEG23,L1_Mu7_IsoEG23,1,1,1,1,1,1,1,1,1,x,PHY,TOP,Top - emu: https://its.cern.ch/jira/browse/CMSLITDPG-76
238,L1_HTT250er_QuadJet_70_55_40_35_er2p5,L1_HTT250_QuadJet_70_55_40_35_etarestr,0,0,0,1,1,1,1,1,1,x,PHY,TOP,Top - hadronic: https://its.cern.ch/jira/browse/CMSLITDPG-84
239,L1_HTT280er_QuadJet_70_55_40_35_er2p5,L1_HTT280_QuadJet_70_55_40_35_etarestr,0,0,1,1,1,1,1,1,1,x,PHY,TOP,Top - hadronic: https://its.cern.ch/jira/browse/CMSLITDPG-84
240,L1_HTT300er_QuadJet_70_55_40_35_er2p5,L1_HTT300_QuadJet_70_55_40_35_etarestr,1,1,1,1,1,1,1,1,1,x,PHY,TOP,Top - hadronic: https://its.cern.ch/jira/browse/CMSLITDPG-84
245,L1_DoubleJet100er2p3_dEta_Max1p6,L1_DoubleJet100Eta2p3_dEtaMax1p6,0,0,1,1,1,1,1,1,1,x,PHY,HIG,Higgs H to bb: https://its.cern.ch/jira/browse/CMSLITDPG-38
246,L1_Mu10er2p3_Jet32er2p3_dR_Max0p4_DoubleJet32er2p3_dEta_Max1p6,L1_Mu10Eta2p3_Jet32Eta2p3_dRMax0p4_DoubleJet32Eta2p3_dEtaMax1p6,0,0,0,1,1,1,1,1,1,x,PHY,HIG,Higgs H to bb: https://its.cern.ch/jira/browse/CMSLITDPG-38
247,L1_Mu12er2p3_Jet40er2p3_dR_Max0p4_DoubleJet40er2p3_dEta_Max1p6,,1,1,1,1,1,1,1,1,1,x,PHY,HIG,Higgs H to bb: https://its.cern.ch/jira/browse/CMSLITDPG-38
248,L1_IsoTau40er_ETM80,,0,0,0,0,1,1,1,1,1,x,PHY,HIG,tau + MET: https://its.cern.ch/jira/browse/CMSLITDPG-48
249,L1_IsoTau40er_ETM85,,0,0,0,1,1,1,1,1,1,x,PHY,HIG,tau + MET: https://its.cern.ch/jira/browse/CMSLITDPG-48
250,L1_IsoTau40er_ETM90,,0,0,0,1,1,1,1,1,1,x,PHY,HIG,tau + MET: https://its.cern.ch/jira/browse/CMSLITDPG-48
251,L1_IsoTau40er_ETM95,,0,0,1,1,1,1,1,1,1,x,PHY,HIG,tau + MET: https://its.cern.ch/jira/browse/CMSLITDPG-48
252,L1_IsoTau40er_ETM100,L1_SingleIsoTau40er_ETM100,1,1,1,1,1,1,1,1,1,x,PHY,HIG,tau + MET: https://its.cern.ch/jira/browse/CMSLITDPG-48
253,L1_IsoTau40er_ETM105,,1,1,1,1,1,1,1,1,1,x,PHY,HIG,https://its.cern.ch/jira/browse/CMSLITDPG-150
254,L1_IsoTau40er_ETM110,,1,1,1,1,1,1,1,1,1,x,PHY,HIG,https://its.cern.ch/jira/browse/CMSLITDPG-150
255,L1_IsoTau40er_ETM115,,1,1,1,1,1,1,1,1,1,x,PHY,HIG,https://its.cern.ch/jira/browse/CMSLITDPG-150
256,L1_IsoTau40er_ETM120,,1,1,1,1,1,1,1,1,1,x,PHY,HIG,https://its.cern.ch/jira/browse/CMSLITDPG-150
257,L1_IsoTau40er_ETMHF80,,0,0,0,1,1,1,1,1,1,x,PHY,HIG,tau + MET: https://its.cern.ch/jira/browse/CMSLITDPG-48
258,L1_IsoTau40er_ETMHF90,,0,0,1,1,1,1,1,1,1,x,PHY,HIG,tau + MET: https://its.cern.ch/jira/browse/CMSLITDPG-48
259,L1_IsoTau40er_ETMHF100,,1,1,1,1,1,1,1,1,1,x,PHY,HIG,https://its.cern.ch/jira/browse/CMSLITDPG-150
260,L1_IsoTau40er_ETMHF110,,1,1,1,1,1,1,1,1,1,x,PHY,HIG,https://its.cern.ch/jira/browse/CMSLITDPG-150
261,L1_IsoTau40er_ETMHF120,,1,1,1,1,1,1,1,1,1,x,PHY,HIG,https://its.cern.ch/jira/browse/CMSLITDPG-150
262,L1_Mu22er2p1_IsoTau40er2p1,L1_SingleMu22er_IsoTau40er,1,1,1,1,1,1,1,1,1,x,PHY,HIG,"tau + MET: https://its.cern.ch/jira/browse/CMSLITDPG-48 , monitoring: must be unprescaled"
263,L1_QuadJet36er3p0_IsoTau52er2p1,L1_QuadJetC36_IsoTau52er,190,125,80,50,30,23,1,1,1,x,PHY,HIG,"tau + MET: https://its.cern.ch/jira/browse/CMSLITDPG-48 , monitoring: prescaled, 50 Hz"
264,L1_ETM80_Jet60_dPhi_Min0p4,,0,0,0,0,1,1,1,1,1,x,PHY,HIG,https://its.cern.ch/jira/browse/CMSLITDPG-87
265,L1_ETM90_Jet60_dPhi_Min0p4,,0,0,0,1,1,1,1,1,1,x,PHY,HIG,https://its.cern.ch/jira/browse/CMSLITDPG-87
266,L1_ETM100_Jet60_dPhi_Min0p4,,0,1,1,1,1,1,1,1,1,x,PHY,HIG,https://its.cern.ch/jira/browse/CMSLITDPG-87
267,L1_ETM110_Jet60_dPhi_Min0p4,,0,1,1,1,1,1,1,1,1,x,PHY,HIG,https://its.cern.ch/jira/browse/CMSLITDPG-87
268,L1_DoubleJet60er3p0_ETM70,L1_DoubleJetC60_ETM70,0,0,0,0,0,1,1,1,1,x,PHY,HIG,https://its.cern.ch/jira/browse/CMSLITDPG-87
269,L1_DoubleJet60er3p0_ETM80,L1_DoubleJetC60_ETM80,0,0,0,1,1,1,1,1,1,x,PHY,HIG,https://its.cern.ch/jira/browse/CMSLITDPG-87
270,L1_DoubleJet60er3p0_ETM90,L1_DoubleJetC60_ETM90,0,0,1,1,1,1,1,1,1,x,PHY,HIG,https://its.cern.ch/jira/browse/CMSLITDPG-87
271,L1_DoubleJet60er3p0_ETM100,L1_DoubleJetC60_ETM100,1,1,1,1,1,1,1,1,1,x,PHY,HIG,https://its.cern.ch/jira/browse/CMSLITDPG-87
272,L1_DoubleEG_LooseIso23_10,L1_DoubleEG_Iso23_10,0,0,1,1,1,1,1,1,1,x,PHY,HIG,"HZZ, HWW: https://indico.cern.ch/event/630992/contributions/2549890/attachments/1442254/2222923/L1Status_DPG.pdf"
273,L1_DoubleEG_LooseIso24_10,L1_DoubleEG_Iso24_10,0,1,1,1,1,1,1,1,1,x,PHY,HIG,"HZZ, HWW: https://indico.cern.ch/event/630992/contributions/2549890/attachments/1442254/2222923/L1Status_DPG.pdf"
274,L1_TripleEG_LooseIso20_10_5,L1_TripleEG_Iso20_10_5,0,0,1,1,1,1,1,1,1,x,PHY,HIG,"HZZ, HWW: https://indico.cern.ch/event/630992/contributions/2549890/attachments/1442254/2222923/L1Status_DPG.pdf"
275,L1_DoubleJet_90_30_DoubleJet30_Mass_Min620,L1_DoubleJet_90_30_Mj30j30_620,0,0,0,0,1,1,1,1,1,x,PHY,HIG,Higgs VBF H to tau tau:
276,L1_DoubleJet_100_30_DoubleJet30_Mass_Min620,L1_DoubleJet_100_30_Mj30j30_620,0,0,0,1,1,1,1,1,1,x,PHY,HIG,Higgs VBF H to tau tau:
277,L1_DoubleJet_100_35_DoubleJet35_Mass_Min620,L1_DoubleJet_100_35_Mj35j35_620,0,0,0,1,1,1,1,1,1,x,PHY,HIG,Higgs VBF H to tau tau: https://its.cern.ch/jira/browse/CMSLITDPG-102
278,L1_DoubleJet_110_35_DoubleJet35_Mass_Min620,,0,1,1,1,1,1,1,1,1,x,PHY,HIG,https://its.cern.ch/jira/browse/CMSLITDPG-102
279,L1_DoubleJet_110_40_DoubleJet40_Mass_Min620,,0,1,1,1,1,1,1,1,1,x,PHY,HIG,https://its.cern.ch/jira/browse/CMSLITDPG-102
280,L1_DoubleJet_115_35_DoubleJet35_Mass_Min620,,0,1,1,1,1,1,1,1,1,x,PHY,HIG,https://its.cern.ch/jira/browse/CMSLITDPG-102
281,L1_DoubleJet_115_40_DoubleJet40_Mass_Min620,,1,1,1,1,1,1,1,1,1,x,PHY,HIG,https://its.cern.ch/jira/browse/CMSLITDPG-102
282,L1_DoubleJet30_Mass_Min400_Mu6,L1_DoubleJet30_Mj30j30_400_Mu6,0,0,0,0,1,1,1,1,1,x,PHY,HIG,HLT: /cdaq/physics/Run2016/25ns15e33/v4.2.3/HLT/V2
283,L1_DoubleJet30_Mass_Min400_Mu10,L1_DoubleJet30_Mj30j30_400_Mu10,0,0,0,1,1,1,1,1,1,x,PHY,HIG,Higgs VBF H to tau tau: https://its.cern.ch/jira/browse/CMSLITDPG-102
284,L1_LooseIsoEG18er2p1_IsoTau24er2p1_dR_Min0p3,L1_IsoEG18er2p1_IsoTau24er2p1_dR_Min0p3,0,0,0,1,1,1,1,1,1,x,PHY,HIG,https://its.cern.ch/jira/browse/CMSLITDPG-100
285,L1_DoubleJet35_rmovlp_IsoTau45_Mass_Min450,L1_DoubleJet35_rmovlp_ISOTAU45_Mass_Min450,0,0,0,0,0,0,0,0,0,x,PHY,HIG,https://its.cern.ch/jira/browse/CMSLITDPG-121
286,L1_LooseIsoEG20er2p1_IsoTau25er2p1_dR_Min0p3,L1_IsoEG20er2p1_IsoTau25er2p1_dR_Min0p3,0,0,1,1,1,1,1,1,1,x,PHY,HIG,https://its.cern.ch/jira/browse/CMSLITDPG-100
287,L1_LooseIsoEG22er2p1_IsoTau26er2p1_dR_Min0p3,L1_IsoEG22er2p1_IsoTau26er2p1_dR_Min0p3,1,1,1,1,1,1,1,1,1,x,PHY,HIG,https://its.cern.ch/jira/browse/CMSLITDPG-100
288,L1_LooseIsoEG24er2p1_IsoTau27er2p1_dR_Min0p3,L1_IsoEG24er2p1_IsoTau27er2p1_dR_Min0p3,1,1,1,1,1,1,1,1,1,x,PHY,HIG,https://its.cern.ch/jira/browse/CMSLITDPG-150
289,L1_Mu16er2p1_Tau20er2p1,L1_Mu16er_Tau20er,0,0,0,1,1,1,1,1,1,x,PHY,HIG,https://its.cern.ch/jira/browse/CMSLITDPG-82
290,L1_Mu16er2p1_Tau24er2p1,L1_Mu16er_Tau24er,0,0,1,1,1,1,1,1,1,x,PHY,HIG,https://its.cern.ch/jira/browse/CMSLITDPG-82
291,L1_Mu18er2p1_Tau20er2p1,L1_Mu18er_Tau20er,0,0,1,1,1,1,1,1,1,x,PHY,HIG,https://its.cern.ch/jira/browse/CMSLITDPG-82
292,L1_Mu18er2p1_Tau24er2p1,L1_Mu18er_Tau24er,1,1,1,1,1,1,1,1,1,x,PHY,HIG,https://its.cern.ch/jira/browse/CMSLITDPG-82
293,L1_Mu22er2p1_Tau50er2p1,L1_Mu22er_Tau50er,0,0,0,1,1,1,1,1,1,x,PHY,HIG,"https://its.cern.ch/jira/browse/CMSLITDPG-103 , sync: L1_DoubleTau50er"
294,L1_Mu22er2p1_Tau70er2p1,L1_Mu22er_Tau70er,1,1,1,1,1,1,1,1,1,x,PHY,HIG,"https://its.cern.ch/jira/browse/CMSLITDPG-103 , sync: L1_DoubleTau70er"
295,L1_Mu18er2p1_IsoTau26er2p1,L1_Mu18er_IsoTau26er,1,1,1,1,1,1,1,1,1,x,PHY,HIG,https://its.cern.ch/jira/browse/CMSLITDPG-82
296,L1_Mu20er2p1_IsoTau26er2p1,L1_Mu20er_IsoTau26er,1,1,1,1,1,1,1,1,1,x,PHY,HIG,https://its.cern.ch/jira/browse/CMSLITDPG-82
297,L1_Mu22er2p1_IsoTau28er2p1,L1_Mu22er_IsoTau28er,0,0,0,0,1,1,1,1,1,x,PHY,HIG,"https://its.cern.ch/jira/browse/CMSLITDPG-103 , sync: L1_DoubleIsoTau28er"
298,L1_Mu22er2p1_IsoTau30er2p1,L1_Mu22er_IsoTau30er,0,0,0,1,1,1,1,1,1,x,PHY,HIG,"https://its.cern.ch/jira/browse/CMSLITDPG-103 , sync: L1_DoubleIsoTau30er"
299,L1_Mu22er2p1_IsoTau32er2p1,L1_Mu22er_IsoTau32er,0,0,1,1,1,1,1,1,1,x,PHY,HIG,"https://its.cern.ch/jira/browse/CMSLITDPG-103 , sync: L1_DoubleIsoTau32er"
300,L1_Mu22er2p1_IsoTau33er2p1,L1_Mu22er_IsoTau33er,0,1,1,1,1,1,1,1,1,x,PHY,HIG,"https://its.cern.ch/jira/browse/CMSLITDPG-103 , sync: L1_DoubleIsoTau33er"
301,L1_Mu22er2p1_IsoTau34er2p1,L1_Mu22er_IsoTau34er,1,1,1,1,1,1,1,1,1,x,PHY,HIG,"https://its.cern.ch/jira/browse/CMSLITDPG-103 , sync: L1_DoubleIsoTau34er"
302,L1_Mu22er2p1_IsoTau35er2p1,L1_Mu22er_IsoTau35er,1,1,1,1,1,1,1,1,1,x,PHY,HIG,"https://its.cern.ch/jira/browse/CMSLITDPG-103 , sync: L1_DoubleIsoTau35er"
303,L1_Mu22er2p1_IsoTau36er2p1,L1_Mu22er_IsoTau36er,1,1,1,1,1,1,1,1,1,x,PHY,HIG,"https://its.cern.ch/jira/browse/CMSLITDPG-103 , sync: L1_DoubleIsoTau36er"
304,L1_Mu22er2p1_IsoTau38er2p1,L1_Mu22er_IsoTau38er,1,1,1,1,1,1,1,1,1,x,PHY,HIG,"https://its.cern.ch/jira/browse/CMSLITDPG-103 , sync: L1_DoubleIsoTau38er"
305,L1_Mu6_HTT240er,L1_Mu6_HTT240,1,1,1,1,1,1,1,1,1,x,PHY,SUS,Susy: https://indico.cern.ch/event/623066/contributions/2513193/attachments/1426266/2189134/L1shoppinglist.pdf
306,L1_Mu6_HTT250er,L1_Mu6_HTT250,1,1,1,1,1,1,1,1,1,x,PHY,SUS,Susy:
307,L1_Mu15_HTT100er,L1_Mu15_HTT100,0,0,0,1,1,1,1,1,1,x,PHY,SUS,Susy:
308,L1_DoubleMu0_ETMHF40_Jet60_OR_DoubleJet30,L1_DoubleMu0_ETMHF40_Jet60ORDiJet30,0,0,0,0,0,1,1,1,1,x,PHY,SUS,Susy:
309,L1_DoubleMu0_ETMHF50_Jet60_OR_DoubleJet30,L1_DoubleMu0_ETMHF50_Jet60ORDiJet30,0,0,0,0,0,1,1,1,1,x,PHY,SUS,Susy:
310,L1_DoubleMu0_ETMHF60_Jet60_OR_DoubleJet30,L1_DoubleMu0_ETMHF60_Jet60ORDiJet30,0,0,0,1,1,1,1,1,1,x,PHY,SUS,Susy:
311,L1_DoubleMu0_ETMHF70_Jet60_OR_DoubleJet30,L1_DoubleMu0_ETMHF70_Jet60ORDiJet30,0,0,0,1,1,1,1,1,1,x,PHY,SUS,Susy:
312,L1_DoubleMu0_ETMHF80_Jet60_OR_DoubleJet30,L1_DoubleMu0_ETMHF80_Jet60ORDiJet30,0,0,1,1,1,1,1,1,1,x,PHY,SUS,Susy:
313,L1_DoubleMu3_SQ_ETMHF40_Jet60_OR_DoubleJet30,L1_DoubleMu3HighQual_ETMHF40_Jet60ORDiJet30,0,0,0,1,1,1,1,1,1,x,PHY,SUS,Susy:
314,L1_DoubleMu3_SQ_ETMHF50_Jet60_OR_DoubleJet30,L1_DoubleMu3HighQual_ETMHF50_Jet60ORDiJet30,0,0,0,1,1,1,1,1,1,x,PHY,SUS,Susy:
315,L1_DoubleMu3_SQ_ETMHF60_Jet60_OR_DoubleJet30,L1_DoubleMu3HighQual_ETMHF60_Jet60ORDiJet30,0,0,1,1,1,1,1,1,1,x,PHY,SUS,Susy:
316,L1_DoubleMu3_SQ_ETMHF70_Jet60_OR_DoubleJet30,L1_DoubleMu3HighQual_ETMHF70_Jet60ORDiJet30,0,1,1,1,1,1,1,1,1,x,PHY,SUS,Susy:
317,L1_DoubleMu3_SQ_ETMHF80_Jet60_OR_DoubleJet30,L1_DoubleMu3HighQual_ETMHF80_Jet60ORDiJet30,1,1,1,1,1,1,1,1,1,x,PHY,SUS,Susy:
318,L1_DoubleMu3_SQ_HTT100er,L1_DoubleMu3HighQual_HTT100,0,0,0,1,1,1,1,1,1,x,PHY,SUS,Susy:
319,L1_DoubleMu3_SQ_HTT200er,,1,1,1,1,1,1,1,1,1,x,PHY,SUS,Added by L1DPG
320,L1_DoubleMu3_SQ_HTT220er,,1,1,1,1,1,1,1,1,1,x,PHY,SUS,Added by L1DPG
321,L1_DoubleMu3_SQ_HTT240er,,1,1,1,1,1,1,1,1,1,x,PHY,SUS,Added by L1DPG
322,L1_DoubleMu_15_7_SQ,L1_DoubleMuHighQual_15_7,1,1,1,1,1,1,1,1,1,x,PHY,SUS,Susy:
323,L1_DoubleMu_15_7_SQ_Mass_Min4,L1_DoubleMuHighQual_15_7_Mass4,1,1,1,1,1,1,1,1,1,x,PHY,SUS,Susy:
324,L1_TripleMu3_SQ,L1_TripleMu3_HighQual,1,1,1,1,1,1,1,1,1,x,PHY,SUS,Susy:
325,L1_DoubleEG6_HTT240er,L1_DoubleEG6_HTT240,0,0,0,1,1,1,1,1,1,x,PHY,SUS,Susy:
326,L1_DoubleEG6_HTT250er,L1_DoubleEG6_HTT250,0,0,1,1,1,1,1,1,1,x,PHY,SUS,Susy:
327,L1_DoubleEG6_HTT270er,L1_DoubleEG6_HTT270,0,0,1,1,1,1,1,1,1,x,PHY,SUS,Susy:
328,L1_DoubleEG6_HTT300er,L1_DoubleEG6_HTT300,1,1,1,1,1,1,1,1,1,x,PHY,SUS,Susy:
329,L1_ETMHF70_Jet60_OR_DoubleJet30,L1_ETMHF70_Jet60ORDiJet30,0,0,0,0,0,0,0,0,0,x,PHY,SUS,Susy:
330,L1_ETMHF75_Jet60_OR_DoubleJet30,L1_ETMHF75_Jet60ORDiJet30,0,0,0,0,0,0,0,0,0,x,PHY,SUS,Susy:
331,L1_ETMHF80_Jet60_OR_DoubleJet30,L1_ETMHF80_Jet60ORDiJet30,0,0,0,0,0,0,0,0,0,x,PHY,SUS,Susy:
332,L1_ETMHF85_Jet60_OR_DoubleJet30,L1_ETMHF85_Jet60ORDiJet30,0,0,0,0,0,0,0,0,0,x,PHY,SUS,Susy:
333,L1_ETMHF90_Jet60_OR_DoubleJet30,L1_ETMHF90_Jet60ORDiJet30,0,0,0,0,0,0,0,0,0,x,PHY,SUS,Susy:
334,L1_ETMHF95_Jet60_OR_DoubleJet30,L1_ETMHF95_Jet60ORDiJet30,0,0,0,0,0,0,0,0,0,x,PHY,SUS,Susy:
335,L1_ETMHF100_Jet60_OR_DoubleJet30,L1_ETMHF100_Jet60ORDiJet30,0,0,0,0,0,0,0,0,0,x,PHY,SUS,Susy:
336,L1_ETMHF105_Jet60_OR_DoubleJet30,L1_ETMHF105_Jet60ORDiJet30,0,0,0,0,0,0,0,0,0,x,PHY,SUS,Susy:
337,L1_ETMHF110_Jet60_OR_DoubleJet30,L1_ETMHF110_Jet60ORDiJet30,0,0,0,0,0,0,0,0,0,x,PHY,SUS,Susy:
338,L1_ETMHF115_Jet60_OR_DoubleJet30,L1_ETMHF115_Jet60ORDiJet30,0,0,0,0,0,0,0,0,0,x,PHY,SUS,Susy:
339,L1_ETMHF120_Jet60_OR_DoubleJet30,L1_ETMHF120_Jet60ORDiJet30,0,0,0,0,0,0,0,0,0,x,PHY,SUS,Susy:
340,L1_ETMHF70_Jet60_OR_DiJet30woTT28,L1_ETMHF70_Jet60ORDiJet30NoTT28,0,0,0,0,0,0,0,0,0,x,PHY,SUS,Susy:
341,L1_ETMHF80_Jet60_OR_DiJet30woTT28,L1_ETMHF80_Jet60ORDiJet30NoTT28,0,0,0,0,0,0,0,0,0,x,PHY,SUS,Susy:
342,L1_ETMHF90_Jet60_OR_DiJet30woTT28,L1_ETMHF90_Jet60ORDiJet30NoTT28,0,0,0,0,0,0,0,0,0,x,PHY,SUS,Susy:
343,L1_ETMHF100_Jet60_OR_DiJet30woTT28,L1_ETMHF100_Jet60ORDiJet30NoTT28,0,0,0,0,0,0,0,0,0,x,PHY,SUS,Susy:
344,L1_ETMHF110_Jet60_OR_DiJet30woTT28,L1_ETMHF110_Jet60ORDiJet30NoTT28,0,0,0,0,0,0,0,0,0,x,PHY,SUS,Susy:
345,L1_ETMHF120_Jet60_OR_DiJet30woTT28,L1_ETMHF120_Jet60ORDiJet30NoTT28,0,0,0,0,0,0,0,0,0,x,PHY,SUS,Susy:
346,L1_ETMHF70_Jet90_OR_DoubleJet45_OR_TripleJet30,L1_ETMHF70_Jet90ORDiJet45orTriJet30,0,0,0,0,0,0,0,0,0,x,PHY,SUS,Susy:
347,L1_ETMHF80_Jet90_OR_DoubleJet45_OR_TripleJet30,L1_ETMHF80_Jet90ORDiJet45orTriJet30,0,0,0,0,0,0,0,0,0,x,PHY,SUS,Susy:
348,L1_ETMHF90_Jet90_OR_DoubleJet45_OR_TripleJet30,L1_ETMHF90_Jet90ORDiJet45orTriJet30,0,0,0,0,0,0,0,0,0,x,PHY,SUS,Susy:
349,L1_ETMHF100_Jet90_OR_DoubleJet45_OR_TripleJet30,L1_ETMHF100_Jet90ORDiJet45orTriJet30,0,0,0,0,0,0,0,0,0,x,PHY,SUS,Susy:
350,L1_ETMHF110_Jet90_OR_DoubleJet45_OR_TripleJet30,L1_ETMHF110_Jet90ORDiJet45orTriJet30,0,0,0,0,0,0,0,0,0,x,PHY,SUS,Susy:
351,L1_DoubleMu7_SQ_EG7,,1,1,1,1,1,1,1,1,1,x,PHY,SUS,Added by L1DPG
352,L1_ETMHF80_HTT60er,L1_ETMHF80_HTT60,0,0,0,0,1,1,1,1,1,x,PHY,SUS,https://its.cern.ch/jira/browse/CMSLITDPG-134
353,L1_ETMHF90_HTT60er,L1_ETMHF90_HTT60,0,0,0,1,1,1,1,1,1,x,PHY,SUS,https://its.cern.ch/jira/browse/CMSLITDPG-134
354,L1_ETMHF100_HTT60er,L1_ETMHF100_HTT60,0,0,1,1,1,1,1,1,1,x,PHY,SUS,https://its.cern.ch/jira/browse/CMSLITDPG-134
355,L1_ETMHF110_HTT60er,L1_ETMHF110_HTT60,1,1,1,1,1,1,1,1,1,x,PHY,SUS,https://its.cern.ch/jira/browse/CMSLITDPG-134
356,L1_ETMHF120_HTT60er,L1_ETMHF120_HTT60,1,1,1,1,1,1,1,1,1,x,PHY,SUS,https://its.cern.ch/jira/browse/CMSLITDPG-134
357,L1_Mu3_Jet30er2p5,,11000,8900,6500,4500,3100,2200,1230,600,300,x,PHY,SUS,https://its.cern.ch/jira/browse/CMSLITDPG-143  target rate = 50 Hz
360,L1_DoubleMu0er1p5_SQ_OS_dR_Max1p4,,1,1,1,1,1,1,1,1,1,x,PHY,BPH,Bphys: https://its.cern.ch/jira/browse/CMSLITDPG-78
361,L1_DoubleMu4p5er2p0_SQ_OS_Mass7to18,,1,1,1,1,1,1,1,1,1,x,PHY,BPH,Bphys: https://its.cern.ch/jira/browse/CMSLITDPG-78
362,L1_DoubleMu4_SQ_OS_dR_Max1p2,,1,1,1,1,1,1,1,1,1,x,PHY,BPH,Bphys: https://its.cern.ch/jira/browse/CMSLITDPG-78
363,L1_DoubleMu5_SQ_OS_Mass7to18,,1,1,1,1,1,1,1,1,1,x,PHY,BPH,Bphys: https://its.cern.ch/jira/browse/CMSLITDPG-78
364,L1_DoubleMu_20_2_SQ_Mass_Max20,,1,1,1,1,1,1,1,1,1,x,PHY,BPH,Bphys: https://its.cern.ch/jira/browse/CMSLITDPG-78
365,L1_DoubleMu4_OS_EG12,,1,1,1,1,1,1,1,1,1,x,PHY,BPH,Bphys: https://its.cern.ch/jira/browse/CMSLITDPG-78
366,L1_DoubleMu0er1p4_SQ_OS_dR_Max1p4,,1,1,1,1,1,1,1,1,1,x,PHY,BPH,Bphys: https://its.cern.ch/jira/browse/CMSLITDPG-78
367,L1_DoubleMu4p5_SQ_OS_dR_Max1p2,,1,1,1,1,1,1,1,1,1,x,PHY,BPH,Bphys: https://its.cern.ch/jira/browse/CMSLITDPG-78
368,L1_DoubleMu5_OS_EG12,,1,1,1,1,1,1,1,1,1,x,PHY,BPH,Bphys: https://its.cern.ch/jira/browse/CMSLITDPG-78
369,L1_DoubleMu6_SQ_OS,,0,0,0,0,0,0,0,0,0,x,PHY,BPH,Bphys: https://its.cern.ch/jira/browse/CMSLITDPG-78 disabled by default
370,L1_TripleMu_5_3p5_2p5_DoubleMu_5_2p5_OS_Mass_5to17,,1,1,1,1,1,1,1,1,1,x,PHY,BPH,Bphys: https://its.cern.ch/jira/browse/CMSLITDPG-78
371,L1_TripleMu_5_4_2p5_DoubleMu_5_2p5_OS_Mass_5to17,,1,1,1,1,1,1,1,1,1,x,PHY,BPH,Bphys: https://its.cern.ch/jira/browse/CMSLITDPG-78
372,L1_TripleMu_5SQ_3SQ_0OQ_DoubleMu_5_3_SQ_OS_Mass_Max9,,1,1,1,1,1,1,1,1,1,x,PHY,BPH,Bphys: https://its.cern.ch/jira/browse/CMSLITDPG-78
373,L1_TripleMu_5SQ_3SQ_0_DoubleMu_5_3_SQ_OS_Mass_Max9,,1,1,1,1,1,1,1,1,1,x,PHY,BPH,Bphys: https://its.cern.ch/jira/browse/CMSLITDPG-78
374,L1_DoubleMu8_SQ,,1,1,1,1,1,1,1,1,1,x,PHY,BPH,Bphys: https://its.cern.ch/jira/browse/CMSLITDPG-78
375,L1_DoubleMu0_SQ,,430,600,290,320,245,190,120,65,30,x,PHY,BPH,Bphys: https://its.cern.ch/jira/browse/CMSLITDPG-96
376,L1_DoubleMu0_SQ_OS,,0,0,0,0,0,0,0,0,0,x,PHY,BPH,Bphys: https://its.cern.ch/jira/browse/CMSLITDPG-96
377,L1_DoubleMu4p5_SQ,,80,90,50,20,18,14,1,1,1,x,PHY,BPH,Bphys: https://its.cern.ch/jira/browse/CMSLITDPG-96
378,L1_DoubleMu4p5_SQ_OS,,0,0,0,0,0,0,1,1,1,x,PHY,BPH,Bphys: https://its.cern.ch/jira/browse/CMSLITDPG-96
379,L1_DoubleMu4p5er2p0_SQ_OS,,0,0,0,0,0,0,1,1,1,x,PHY,BPH,Bphys: https://its.cern.ch/jira/browse/CMSLITDPG-96
380,L1_DoubleMu0er1p5_SQ_OS,,0,0,0,80,65,51,1,1,1,x,PHY,BPH,Bphys: https://its.cern.ch/jira/browse/CMSLITDPG-96
381,L1_DoubleMu4_SQ_OS,,0,0,0,140,110,87,1,1,1,x,PHY,BPH,Bphys: https://its.cern.ch/jira/browse/CMSLITDPG-96
382,L1_DoubleMu5_SQ_OS,,0,0,0,0,0,0,1,1,1,x,PHY,BPH,Bphys: https://its.cern.ch/jira/browse/CMSLITDPG-96
383,L1_TripleMu_5_3p5_2p5,,55,40,35,7,5,4,1,1,1,x,PHY,BPH,Bphys: https://its.cern.ch/jira/browse/CMSLITDPG-96
384,L1_TripleMu0_OQ,L1_TripleMu0_Qopen,1300,1060,815,390,280,200,1,1,1,x,PHY,BPH,Bphys: https://its.cern.ch/jira/browse/CMSLITDPG-96
385,L1_TripleMu_5SQ_3SQ_0OQ,,40,35,27,12,9,7,1,1,1,x,PHY,BPH,Bphys: https://its.cern.ch/jira/browse/CMSLITDPG-96
390,L1_Mu6_DoubleEG17,,1,1,1,1,1,1,1,1,1,x,PHY,SMP,https://its.cern.ch/jira/browse/CMSLITDPG-81
391,L1_DoubleMu7_EG7,,0,1,1,1,1,1,1,1,1,x,PHY,SMP,https://its.cern.ch/jira/browse/CMSLITDPG-81
400,L1_IsolatedBunch,,0,0,0,0,0,0,0,0,0,x,,,HLT: /cdaq/physics/Run2016/25ns15e33/v4.2.3/HLT/V2
401,L1_FirstBunchInTrain,,0,0,0,0,0,0,0,0,0,x,,,HLT: /cdaq/physics/Run2016/25ns15e33/v4.2.3/HLT/V2
402,L1_FirstBunchAfterTrain,,0,0,0,0,0,0,0,0,0,x,,,HLT: /cdaq/physics/Run2016/25ns15e33/v4.2.3/HLT/V2
403,L1_Mu5_EG15,,0,0,0,0,0,0,0,0,0,x,PHY,TOP,HLT: /cdaq/physics/Run2016/25ns15e33/v4.2.3/HLT/V2
404,L1_Mu5_EG20,,0,0,0,0,0,0,0,0,0,x,PHY,TOP,HLT: /cdaq/physics/Run2016/25ns15e33/v4.2.3/HLT/V2
405,L1_Mu5_LooseIsoEG18,L1_Mu5_IsoEG18,0,1,1,1,1,1,1,1,1,x,PHY,TOP,HLT: /cdaq/physics/Run2016/25ns15e33/v4.2.3/HLT/V2
406,L1_Mu12_EG10,,0,0,0,0,0,0,0,0,0,x,PHY,TOP,HLT: /cdaq/physics/Run2016/25ns15e33/v4.2.3/HLT/V2
407,L1_Mu20_EG10,,0,0,0,1,1,1,1,1,1,x,PHY,TOP,HLT: /cdaq/physics/Run2016/25ns15e33/v4.2.3/HLT/V2
408,L1_MU20_EG15,,0,0,0,1,1,1,1,1,1,x,PHY,TOP,HLT: /cdaq/physics/Run2016/25ns15e33/v4.2.3/HLT/V2
409,L1_Mu20_LooseIsoEG6,L1_Mu20_IsoEG6,0,0,0,0,0,0,0,0,0,x,PHY,TOP,HLT: /cdaq/physics/Run2016/25ns15e33/v4.2.3/HLT/V2
410,L1_Mu6_HTT200er,L1_Mu6_HTT200,0,0,0,0,0,0,0,0,0,x,PHY,TOP,HLT: /cdaq/physics/Run2016/25ns15e33/v4.2.3/HLT/V2
411,L1_Mu8_HTT150er,L1_Mu8_HTT150,0,0,0,0,0,0,0,0,0,x,PHY,TOP,HLT: /cdaq/physics/Run2016/25ns15e33/v4.2.3/HLT/V2
412,L1_EG25er2p1_HTT125er,L1_EG25er_HTT125,0,0,0,0,0,0,0,0,0,x,PHY,TOP,HLT: /cdaq/physics/Run2016/25ns15e33/v4.2.3/HLT/V2
413,L1_EG27er2p1_HTT200er,L1_EG27er_HTT200,0,0,0,1,1,1,1,1,1,x,PHY,TOP,HLT: /cdaq/physics/Run2016/25ns15e33/v4.2.3/HLT/V2
414,L1_DoubleJet60er3p0_ETM60,L1_DoubleJetC60_ETM60,0,0,0,0,0,0,0,0,0,x,PHY,HIG,HLT: /cdaq/physics/Run2016/25ns15e33/v4.2.3/HLT/V2
415,L1_QuadJet36er3p0_Tau52,L1_QuadJetC36_Tau52,0,0,0,0,0,0,0,0,0,x,PHY,HIG,HLT: /cdaq/physics/Run2016/25ns15e33/v4.2.3/HLT/V2
416,L1_ETM75_Jet60_dPhi_Min0p4,,0,0,0,0,0,0,0,0,0,x,PHY,HIG,HLT: /cdaq/physics/Run2016/25ns15e33/v4.2.3/HLT/V2
417,L1_DoubleMu0_ETM40,,0,0,0,0,0,0,0,0,0,x,PHY,SUS,HLT: /cdaq/physics/Run2016/25ns15e33/v4.2.3/HLT/V2
418,L1_DoubleMu0_ETM55,,0,0,0,0,0,0,0,0,0,x,PHY,SUS,HLT: /cdaq/physics/Run2016/25ns15e33/v4.2.3/HLT/V2
419,L1_DoubleMu0_ETM60,,0,0,0,0,0,0,0,0,0,x,PHY,SUS,HLT: /cdaq/physics/Run2016/25ns15e33/v4.2.3/HLT/V2
420,L1_DoubleMu0_ETM65,,0,0,0,0,0,0,0,0,0,x,PHY,SUS,HLT: /cdaq/physics/Run2016/25ns15e33/v4.2.3/HLT/V2
421,L1_DoubleMu0_ETM70,,0,0,0,0,0,0,0,0,0,x,PHY,SUS,HLT: /cdaq/physics/Run2016/25ns15e33/v4.2.3/HLT/V2
422,L1_Jet32_DoubleMu_10_0_dPhi_Jet_Mu0_Max0p4_dPhi_Mu_Mu_Min1p0,,0,0,0,0,0,0,0,0,0,x,PHY,SUS,HLT: /cdaq/physics/Run2016/25ns15e33/v4.2.3/HLT/V2
423,L1_Jet32_Mu0_EG10_dPhi_Jet_Mu_Max0p4_dPhi_Mu_EG_Min1p0,,0,0,0,0,0,0,0,0,0,x,PHY,SUS,HLT: /cdaq/physics/Run2016/25ns15e33/v4.2.3/HLT/V2
424,L1_DoubleEG6_HTT255er,L1_DoubleEG6_HTT255,0,0,1,1,1,1,1,1,1,x,PHY,SUS,HLT: /cdaq/physics/Run2016/25ns15e33/v4.2.3/HLT/V2
425,L1_DoubleMu0er1p4_dEta_Max1p8_OS,,0,0,0,0,0,0,0,0,0,x,PHY,BPH,HLT: /cdaq/physics/Run2016/25ns15e33/v4.2.3/HLT/V2
426,L1_DoubleMu_10_0_dEta_Max1p8,,0,0,0,0,0,0,0,0,0,x,PHY,BPH,HLT: /cdaq/physics/Run2016/25ns15e33/v4.2.3/HLT/V2
427,L1_Mu6_DoubleEG10,,0,0,0,0,0,0,0,0,0,x,PHY,SMP,HLT: /cdaq/physics/Run2016/25ns15e33/v4.2.3/HLT/V2
428,L1_Mu3_JetC16_dEta_Max0p4_dPhi_Max0p4,,2000,1700,1400,1100,850,660,440,260,130,x,PHY,BTV,HLT: /cdaq/physics/Run2016/25ns15e33/v4.2.3/HLT/V2
429,L1_Mu3_JetC60_dEta_Max0p4_dPhi_Max0p4,,120,105,90,70,60,50,1,1,1,x,PHY,BTV,HLT: /cdaq/physics/Run2016/25ns15e33/v4.2.3/HLT/V2
430,L1_Mu3_JetC120_dEta_Max0p4_dPhi_Max0p4,,1,1,1,1,1,1,1,1,1,x,PHY,BTV,HLT: /cdaq/physics/Run2016/25ns15e33/v4.2.3/HLT/V2
431,L1_SingleEG2_BptxAND,,0,0,0,0,0,0,0,0,0,x,PHY,HIN,HLT: /cdaq/physics/Run2016/25ns15e33/v4.2.3/HLT/V2
432,L1_SingleJet12_BptxAND,,0,0,0,0,0,0,0,0,0,x,PHY,HIN,HLT: /cdaq/physics/Run2016/25ns15e33/v4.2.3/HLT/V2
433,L1_ETT40_BptxAND,,0,0,0,0,0,0,0,0,0,x,PHY,HIN,https://its.cern.ch/jira/browse/CMSLITDPG-86
434,L1_ETT50_BptxAND,,0,0,0,0,0,0,0,0,0,x,PHY,HIN,https://its.cern.ch/jira/browse/CMSLITDPG-86
435,L1_ETT60_BptxAND,,0,0,0,0,0,0,0,0,0,x,PHY,HIN,https://its.cern.ch/jira/browse/CMSLITDPG-86
436,L1_ETT70_BptxAND,,0,0,0,0,0,0,0,0,0,x,PHY,HIN,https://its.cern.ch/jira/browse/CMSLITDPG-86
437,L1_ETT75_BptxAND,,0,0,0,0,0,0,0,0,0,x,PHY,HIN,https://its.cern.ch/jira/browse/CMSLITDPG-86
438,L1_ETT80_BptxAND,,0,0,0,0,0,0,0,0,0,x,PHY,HIN,https://its.cern.ch/jira/browse/CMSLITDPG-86
439,L1_ETT85_BptxAND,,0,0,0,0,0,0,0,0,0,x,PHY,HIN,https://its.cern.ch/jira/browse/CMSLITDPG-86
440,L1_ETT90_BptxAND,,0,0,0,0,0,0,0,0,0,x,PHY,HIN,https://its.cern.ch/jira/browse/CMSLITDPG-86
441,L1_ETT95_BptxAND,,0,0,0,0,0,0,0,0,0,x,PHY,HIN,https://its.cern.ch/jira/browse/CMSLITDPG-86
442,L1_ETT100_BptxAND,,0,0,0,0,0,0,0,0,0,x,PHY,HIN,https://its.cern.ch/jira/browse/CMSLITDPG-86
443,L1_ETT110_BptxAND,,0,0,0,0,0,0,0,0,0,x,PHY,HIN,https://its.cern.ch/jira/browse/CMSLITDPG-86
444,L1_MinimumBiasHF0_AND_BptxAND,,0,0,0,0,0,0,0,0,0,x,PHY,HIN,HLT: /cdaq/physics/Run2016/25ns15e33/v4.2.3/HLT/V2
445,L1_MinimumBiasHF0_OR_BptxAND,,0,0,0,0,0,0,0,0,0,x,PHY,HIN,HLT: /cdaq/physics/Run2016/25ns15e33/v4.2.3/HLT/V2
446,L1_Mu10er2p1_ETM30,L1_Mu10er_ETM30,0,0,0,0,0,0,0,0,0,x,,,HLT: /cdaq/physics/Run2016/25ns15e33/v4.2.3/HLT/V2
447,L1_Mu14er2p1_ETM30,L1_Mu14er_ETM30,0,0,0,0,0,0,0,0,0,x,,,HLT: /cdaq/physics/Run2016/25ns15e33/v4.2.3/HLT/V2
450,L1_AlwaysTrue,,0,0,0,0,0,0,0,0,0,x,,,Cosmics:
451,L1_NotBptxOR,,0,0,0,0,0,0,0,0,0,x,,,BRIL: NOT bit07
452,L1_BptxXOR,,0,0,0,0,0,0,0,0,0,x,,,BRIL: (bit05 AND (NOT bit06)) OR (bit06 AND (NOT bit05))
453,L1_ZeroBias_copy,,0,0,0,0,0,0,0,0,0,x,,,BRIL: bit04 - to be used for BX mask if needed
454,L1_BPTX_BeamGas_Ref1_VME,L1_BRIL_bit000,0,0,0,0,0,0,0,0,0,x,,,BRIL: bit00 ref: https://twiki.cern.ch/twiki/bin/view/CMS/AndreyPozdnyakovBPTXCableNames
455,L1_BPTX_BeamGas_Ref2_VME,L1_BRIL_bit001,0,0,0,0,0,0,0,0,0,x,,,BRIL: bit01 ref: https://twiki.cern.ch/twiki/bin/view/CMS/AndreyPozdnyakovBPTXCableNames
456,L1_BPTX_BeamGas_B1_VME,L1_BRIL_bit002,0,0,0,0,0,0,0,0,0,x,,,BRIL: bit02 ref: https://twiki.cern.ch/twiki/bin/view/CMS/AndreyPozdnyakovBPTXCableNames
457,L1_BPTX_BeamGas_B2_VME,L1_BRIL_bit003,0,0,0,0,0,0,0,0,0,x,,,BRIL: bit03 ref: https://twiki.cern.ch/twiki/bin/view/CMS/AndreyPozdnyakovBPTXCableNames
458,L1_ZeroBias,L1_BRIL_bit004,0,0,0,0,0,0,0,0,0,x,,,BRIL: bit04 ref: https://twiki.cern.ch/twiki/bin/view/CMS/AndreyPozdnyakovBPTXCableNames
459,L1_BptxPlus,L1_BRIL_bit005,0,0,0,0,0,0,0,0,0,x,,,BRIL: bit05 ref: https://twiki.cern.ch/twiki/bin/view/CMS/AndreyPozdnyakovBPTXCableNames
460,L1_BptxMinus,L1_BRIL_bit006,0,0,0,0,0,0,0,0,0,x,,,BRIL: bit06 ref: https://twiki.cern.ch/twiki/bin/view/CMS/AndreyPozdnyakovBPTXCableNames
461,L1_BptxOR,L1_BRIL_bit007,0,0,0,0,0,0,0,0,0,x,,,BRIL: bit07 ref: https://twiki.cern.ch/twiki/bin/view/CMS/AndreyPozdnyakovBPTXCableNames
462,L1_BPTX_AND_Ref1_VME,L1_BRIL_bit008,0,0,0,0,0,0,0,0,0,x,,,BRIL: bit08 ref: https://twiki.cern.ch/twiki/bin/view/CMS/AndreyPozdnyakovBPTXCableNames
463,L1_UnpairedBunchBptxPlus,L1_BRIL_bit009,0,0,0,0,0,0,0,0,0,x,,,BRIL: bit09 ref: https://twiki.cern.ch/twiki/bin/view/CMS/AndreyPozdnyakovBPTXCableNames
464,L1_UnpairedBunchBptxMinus,L1_BRIL_bit010,0,0,0,0,0,0,0,0,0,x,,,BRIL: bit10 ref: https://twiki.cern.ch/twiki/bin/view/CMS/AndreyPozdnyakovBPTXCableNames
465,L1_BPTX_NotOR_VME,L1_BRIL_bit011,0,0,0,0,0,0,0,0,0,x,,,BRIL: bit11 ref: https://twiki.cern.ch/twiki/bin/view/CMS/AndreyPozdnyakovBPTXCableNames
466,L1_BPTX_AND_Ref2_NIM,L1_BRIL_bit012,0,0,0,0,0,0,0,0,0,x,,,BRIL: bit12 ref: https://twiki.cern.ch/twiki/bin/view/CMS/AndreyPozdnyakovBPTXCableNames
467,L1_BPTX_B1NotB2_NIM,L1_BRIL_bit013,0,0,0,0,0,0,0,0,0,x,,,BRIL: bit13 ref: https://twiki.cern.ch/twiki/bin/view/CMS/AndreyPozdnyakovBPTXCableNames
468,L1_BPTX_B2NotB1_NIM,L1_BRIL_bit014,0,0,0,0,0,0,0,0,0,x,,,BRIL: bit14 ref: https://twiki.cern.ch/twiki/bin/view/CMS/AndreyPozdnyakovBPTXCableNames
469,L1_BPTX_NotOR_NIM,L1_BRIL_bit015,0,0,0,0,0,0,0,0,0,x,,,BRIL: bit15 ref: https://twiki.cern.ch/twiki/bin/view/CMS/AndreyPozdnyakovBPTXCableNames
470,L1_BPTX_AND_Ref3_VME,L1_BRIL_bit016,0,0,0,0,0,0,0,0,0,x,,,BRIL: bit16 ref: https://twiki.cern.ch/twiki/bin/view/CMS/AndreyPozdnyakovBPTXCableNames
471,L1_BPTX_OR_Ref3_VME,L1_BRIL_bit017,0,0,0,0,0,0,0,0,0,x,,,BRIL: bit17 ref: https://twiki.cern.ch/twiki/bin/view/CMS/AndreyPozdnyakovBPTXCableNames
472,L1_BPTX_RefAND_VME,L1_BRIL_bit018,0,0,0,0,0,0,0,0,0,x,,,BRIL: bit18 ref: https://twiki.cern.ch/twiki/bin/view/CMS/AndreyPozdnyakovBPTXCableNames
473,L1_FirstCollisionInOrbit,L1_BRIL_bit019,0,0,0,0,0,0,0,0,0,x,,,BRIL: bit19 ref: https://twiki.cern.ch/twiki/bin/view/CMS/AndreyPozdnyakovBPTXCableNames
474,L1_BPTX_AND_Ref4_VME,L1_BRIL_bit020,0,0,0,0,0,0,0,0,0,x,,,BRIL: bit20 ref: https://twiki.cern.ch/twiki/bin/view/CMS/AndreyPozdnyakovBPTXCableNames
475,L1_BPTX_OR_Ref4_VME,L1_BRIL_bit021,0,0,0,0,0,0,0,0,0,x,,,BRIL: bit21 ref: https://twiki.cern.ch/twiki/bin/view/CMS/AndreyPozdnyakovBPTXCableNames
476,L1_LastCollisionInTrain,L1_BRIL_bit022,0,0,0,0,0,0,0,0,0,x,,,BRIL: bit22 ref: https://twiki.cern.ch/twiki/bin/view/CMS/AndreyPozdnyakovBPTXCableNames
477,L1_FirstCollisionInTrain,L1_BRIL_bit023,0,0,0,0,0,0,0,0,0,x,,,BRIL: bit23 ref: https://twiki.cern.ch/twiki/bin/view/CMS/AndreyPozdnyakovBPTXCableNames
478,L1_BPTX_AND_NIM,L1_BRIL_bit032,0,0,0,0,0,0,0,0,0,x,,,BRIL: bit32 ref: https://twiki.cern.ch/twiki/bin/view/CMS/AndreyPozdnyakovBPTXCableNames
479,L1_BPTX_B1_NIM,L1_BRIL_bit033,0,0,0,0,0,0,0,0,0,x,,,BRIL: bit33 ref: https://twiki.cern.ch/twiki/bin/view/CMS/AndreyPozdnyakovBPTXCableNames
480,L1_BPTX_B2_NIM,L1_BRIL_bit034,0,0,0,0,0,0,0,0,0,x,,,BRIL: bit34 ref: https://twiki.cern.ch/twiki/bin/view/CMS/AndreyPozdnyakovBPTXCableNames
481,L1_BPTX_OR_NIM,L1_BRIL_bit035,0,0,0,0,0,0,0,0,0,x,,,BRIL: bit35 ref: https://twiki.cern.ch/twiki/bin/view/CMS/AndreyPozdnyakovBPTXCableNames
490,L1_CDC_3_TOP120_DPHI1p570_3p142,L1_CDC_3_TOP120_DPHI1p570_4p711,0,0,0,0,0,0,0,0,0,x,,,https://its.cern.ch/jira/browse/CMSLITDPG-74
491,L1_CDC_3_TOP120_DPHI2p094_3p142,L1_CDC_3_TOP120_DPHI2p094_4p189,0,0,0,0,0,0,0,0,0,x,,,https://its.cern.ch/jira/browse/CMSLITDPG-74
492,L1_CDC_3_TOP120_DPHI2p618_3p142,L1_CDC_3_TOP120_DPHI2p618_3p665,0,0,0,0,0,0,0,0,0,x,,,https://its.cern.ch/jira/browse/CMSLITDPG-74
493,L1_CDC_3_TOP_DPHI2p618_3p142,L1_CDC_3_TOP_DPHI2p618_3p665,0,0,0,0,0,0,0,0,0,x,,,https://its.cern.ch/jira/browse/CMSLITDPG-74
494,L1_CDC_3_er1p2_TOP120_DPHI1p570_3p142,L1_CDC_3_er1p2_TOP120_DPHI1p570_4p711,0,0,0,0,0,0,0,0,0,x,,,https://its.cern.ch/jira/browse/CMSLITDPG-74
495,L1_CDC_3_er1p2_TOP120_DPHI2p094_3p142,L1_CDC_3_er1p2_TOP120_DPHI2p094_4p189,0,0,0,0,0,0,0,0,0,x,,,https://its.cern.ch/jira/browse/CMSLITDPG-74
496,L1_CDC_3_er1p2_TOP120_DPHI2p618_3p142,L1_CDC_3_er1p2_TOP120_DPHI2p618_3p665,0,0,0,0,0,0,0,0,0,x,,,https://its.cern.ch/jira/browse/CMSLITDPG-74
497,L1_CDC_3_er1p6_TOP120_DPHI1p570_3p142,L1_CDC_3_er1p6_TOP120_DPHI1p570_4p711,0,0,0,0,0,0,0,0,0,x,,,https://its.cern.ch/jira/browse/CMSLITDPG-74
498,L1_CDC_3_er1p6_TOP120_DPHI2p094_3p142,L1_CDC_3_er1p6_TOP120_DPHI2p094_4p189,0,0,0,0,0,0,0,0,0,x,,,https://its.cern.ch/jira/browse/CMSLITDPG-74
499,L1_CDC_3_er1p6_TOP120_DPHI2p618_3p142,L1_CDC_3_er1p6_TOP120_DPHI2p618_3p665,0,0,0,0,0,0,0,0,0,x,,,https://its.cern.ch/jira/browse/CMSLITDPG-74
500,L1_CDC_3_er2p1_TOP120_DPHI1p570_3p142,L1_CDC_3_er2p1_TOP120_DPHI1p570_4p711,0,0,0,0,0,0,0,0,0,x,,,https://its.cern.ch/jira/browse/CMSLITDPG-74
501,L1_CDC_3_er2p1_TOP120_DPHI2p094_3p142,L1_CDC_3_er2p1_TOP120_DPHI2p094_4p189,0,0,0,0,0,0,0,0,0,x,,,https://its.cern.ch/jira/browse/CMSLITDPG-74
502,L1_CDC_3_er2p1_TOP120_DPHI2p618_3p142,L1_CDC_3_er2p1_TOP120_DPHI2p618_3p665,0,0,0,0,0,0,0,0,0,x,,,https://its.cern.ch/jira/browse/CMSLITDPG-74
503,L1_CDC_SingleMu_3_TOP120_DPHI2p618_3p142,L1_CDC_SingleMu_3_TOP120_DPHI2p618_3p665,0,0,0,0,0,0,0,0,0,x,,,https://its.cern.ch/jira/browse/CMSLITDPG-74
504,L1_CDC_SingleMu_3_er1p2_TOP120_DPHI2p618_3p142,L1_CDC_SingleMu_3_er1p2_TOP120_DPHI2p618_3p665,0,0,0,0,0,0,0,0,0,x,,,https://its.cern.ch/jira/browse/CMSLITDPG-74
505,L1_CDC_SingleMu_3_er1p6_TOP120_DPHI2p618_3p142,L1_CDC_SingleMu_3_er1p6_TOP120_DPHI2p618_3p665,0,0,0,0,0,0,0,0,0,x,,,https://its.cern.ch/jira/browse/CMSLITDPG-74
506,L1_CDC_SingleMu_3_er2p1_TOP120_DPHI2p618_3p142,L1_CDC_SingleMu_3_er2p1_TOP120_DPHI2p618_3p665,0,0,0,0,0,0,0,0,0,x,,,https://its.cern.ch/jira/browse/CMSLITDPG-74
507,L1_CDCp1_3_TOP120_DPHI2p618_3p142,L1_CDCp1_3_TOP120_DPHI2p618_3p665,0,0,0,0,0,0,0,0,0,x,,,https://its.cern.ch/jira/browse/CMSLITDPG-74
508,L1_CDCp1_3_er1p2_TOP120_DPHI2p618_3p142,L1_CDCp1_3_er1p2_TOP120_DPHI2p618_3p665,0,0,0,0,0,0,0,0,0,x,,,https://its.cern.ch/jira/browse/CMSLITDPG-74
509,L1_CDCp1_3_er1p6_TOP120_DPHI2p618_3p142,L1_CDCp1_3_er1p6_TOP120_DPHI2p618_3p665,0,0,0,0,0,0,0,0,0,x,,,https://its.cern.ch/jira/browse/CMSLITDPG-74
510,L1_CDCp1_3_er2p1_TOP120_DPHI2p618_3p142,L1_CDCp1_3_er2p1_TOP120_DPHI2p618_3p665,0,0,0,0,0,0,0,0,0,x,,,https://its.cern.ch/jira/browse/CMSLITDPG-74